Ticker,sector,WeeklyMA,MonthlyMA,YearlyMA,gross/revenue,gross/revenue-1yr,gross/revenue-2yr,net/revenue,net/revenue-1yr,net/revenue-2yr,current-ratio,debt-equity,debt-asset,rating
FB,Technology,0.99108,1.0079,1.11927,0.83246,0.86584,0.86291,0.396,0.39195,0.36967,7.19396,0.15699,0.13569,Buy
AAPL,Technology,0.97709,0.97083,1.03828,0.38344,0.3847,0.39076,0.22414,0.21092,0.21187,1.12384,2.4133,0.70703,Overweight
AMZN,Consumer Cyclical,0.98651,0.99457,1.08433,0.40247,0.37068,0.35093,0.04325,0.01705,0.01744,1.09811,2.73483,0.73225,Buy
NFLX,Consumer Cyclical,0.98253,0.97939,1.04956,0.36892,0.31299,0.29139,0.07669,0.0478,0.02114,1.49432,3.95812,0.79831,Overweight
GOOGL,Technology,0.99311,0.95765,1.01803,0.56476,0.58881,0.61075,0.22465,0.11422,0.21577,3.91901,0.31056,0.23697,Buy
RY,Financial Services,0.9961,0.99887,1.06327,1.0,1.0,1.0,0.30047,0.28918,0.27934,0.56277,17.05975,0.9401,Overweight
TD,Financial Services,0.99098,0.98579,1.00379,1.0,1.0,1.0,0.30979,0.30637,0.27579,0.34806,16.94524,0.94004,Overweight
BMO,Financial Services,0.99302,0.99869,1.04529,1.0,1.0,1.0,0.24358,0.24858,0.22751,0.44289,17.59782,0.94092,Hold
BNS,Financial Services,0.99907,0.99444,0.9952,1.0,1.0,1.0,0.32671,0.32141,0.29731,0.38895,14.86827,0.93222,Overweight
CM,Financial Services,0.9946,0.9937,0.98859,1.0,1.0,1.0,0.31048,0.30412,0.30571,0.31326,17.1897,0.94119,Overweight
BAC,Financial Services,0.98943,0.98305,1.03294,1.0,1.0,1.0,0.31735,0.21716,0.22249,0.41174,8.59749,0.88731,Overweight
JPM,Financial Services,0.99401,0.99273,1.05522,1.0,1.0,1.0,0.3123,0.25797,0.27117,0.56365,10.26708,0.90219,Overweight
COF,Financial Services,0.99461,1.00792,1.02272,1.0,1.0,1.0,0.2707,0.10068,0.19699,0.06097,6.78257,0.86131,Overweight
CIT,Financial Services,0.99893,1.00656,1.06946,1.0,1.0,1.0,0.19549,0.19715,-0.39318,0.08239,7.57628,0.87748,Overweight
WFC,Financial Services,1.00266,0.99912,0.92221,1.0,1.0,1.0,0.26439,0.25797,0.2595,0.2805,9.73791,0.89606,Hold
DB,Financial Services,0.99747,0.94338,0.77917,1.0,1.0,1.0,0.01075,-0.02897,-0.04897,0.71125,19.04718,0.94901,Underweight
CGC,Healthcare,0.99272,1.01305,1.22296,0.95181,0.9704,1.49508,-0.90256,-0.18852,-0.2753,5.23511,0.16706,0.13473,Overweight
ACB,Healthcare,0.97615,0.94224,1.15998,0.78844,0.88869,1.53023,1.30328,-0.71777,-3.97707,2.92288,0.22302,0.18191,Overweight
APHA,Healthcare,1.04759,0.93379,0.75531,1.10754,0.84632,0.77874,0.79768,0.2054,0.04719,4.43773,0.1207,0.10692,Overweight
TLRY,Healthcare,1.04154,0.98848,,0.33098,0.55395,0.21117,-1.57021,-0.38022,-0.62346,21.37109,2.32232,0.69901,Hold
CTST,Healthcare,1.0274,0.89667,,0.7995,1.15858,0.99972,-0.29693,0.33267,-2.92444,7.64666,0.16255,0.13982,Buy
CRON,Healthcare,1.00352,0.94631,1.28286,0.71757,1.77119,4.90614,-1.20805,0.61024,-2.14801,1.4302,0.23394,0.18949,Underweight
MSFT,Technology,1.00608,1.01254,1.17546,0.65247,0.64948,0.64039,0.15015,0.26394,0.22532,2.9008,2.12928,0.68044,Buy
IBM,Technology,0.99238,0.97687,1.01852,0.46407,0.46681,0.48195,0.10966,0.07269,0.14855,1.28564,6.33794,0.86278,Hold
MU,Technology,0.9718,0.92737,0.87596,0.58869,0.41512,0.20203,0.4651,0.25042,-0.02226,2.786,0.31322,0.23319,Overweight
NVDA,Technology,0.97484,0.92414,0.81514,0.61207,0.59934,0.58799,0.35345,0.31367,0.2411,7.94357,0.42282,0.29717,Overweight
TSLA,Consumer Cyclical,0.97466,0.94362,0.78105,0.18834,0.18901,0.22846,-0.04548,-0.1668,-0.09641,0.83128,4.75825,0.7877,Hold
TWTR,Technology,0.98757,1.01951,1.12464,0.68291,0.64767,0.65084,0.39627,-0.04423,-0.18061,4.68969,0.49327,0.33033,Hold
BP,Energy,0.99412,0.96493,0.99774,0.15157,0.15591,0.15176,0.03157,0.01421,0.00063,1.04503,1.81676,0.64013,Overweight
CVX,Energy,1.02109,1.02024,1.03398,0.4048,0.46209,0.49263,0.09329,0.07213,-0.00481,1.25211,0.63551,0.38691,Overweight
TOT,Energy,1.00479,0.96379,0.93088,0.32032,0.33243,0.34402,0.06217,0.05789,0.04843,1.28224,1.19896,0.53999,Buy
EC,Energy,1.02677,0.99792,0.95362,0.41111,0.35238,0.30847,0.1659,0.12829,0.05049,1.51648,1.22485,0.54183,Hold
PTR,Energy,0.98142,0.93321,0.83712,0.3461,0.36221,0.4065,0.02235,0.01131,0.00486,0.73864,0.84132,0.42002,Overweight
IMO,Energy,0.99558,0.97606,0.95197,0.16923,0.13555,0.13565,0.0695,0.01785,0.09253,1.35398,0.69284,0.40928,Hold
OXY,Energy,0.94786,0.90444,0.77094,0.63151,0.55277,0.48573,0.23177,0.10481,-0.05689,1.33999,1.05598,0.51361,Overweight
SU,Energy,0.99247,0.97267,0.90968,0.59942,0.61955,0.59387,0.08544,0.13951,0.01619,0.84392,1.03566,0.50876,Overweight
ENB,Energy,1.00436,0.99362,1.10634,0.36606,0.3547,0.30541,0.06214,0.06442,0.05987,0.57704,1.51435,0.56002,Overweight
BTE,Energy,1.00488,0.98993,0.82619,0.62579,0.57736,0.53722,-0.29173,0.1016,-0.80598,0.73489,1.08717,0.52088,Overweight
CNQ,Energy,1.00905,0.95765,0.95715,0.49337,0.46927,0.38689,0.12322,0.13822,-0.01785,0.63419,1.23804,0.55318,Buy
CVE,Energy,1.00645,0.93524,1.01018,0.19061,0.19433,0.09758,-0.12805,0.1975,-0.04952,1.22885,1.01362,0.50338,Overweight
ECA,Energy,0.9737,0.92992,0.6842,0.48983,0.42163,0.30045,0.1959,0.21249,-0.30237,1.32738,1.06043,0.51466,Overweight
ABBV,Healthcare,0.99152,0.98031,0.89589,0.76436,0.76297,0.77405,0.17363,0.18816,0.23219,0.98295,-8.02723,1.1423,Hold
ABT,Healthcare,0.99268,0.99101,1.10418,0.58601,0.5805,0.56433,0.07744,0.01742,0.06714,1.62361,1.19418,0.54264,Overweight
ACN,Technology,0.99853,0.97676,1.0855,0.31443,0.31651,0.31255,0.10259,0.09886,0.12505,1.33825,1.32415,0.56135,Overweight
ADBE,Technology,1.00045,1.00329,1.10178,0.86766,0.86161,0.85995,0.28691,0.232,0.19964,1.12925,1.00475,0.50118,Overweight
AGN,Healthcare,0.98761,0.97898,0.87274,0.85647,0.86541,0.87614,-0.32281,-0.2588,1.02764,1.1305,0.56296,0.36013,Overweight
AIG,Financial Services,1.03346,1.09474,1.09814,0.22979,0.23608,0.20594,-0.00013,-0.12279,-0.01658,0.61961,7.71234,0.88351,Overweight
ALL,Financial Services,1.00515,0.99345,1.04307,0.22924,0.25582,0.21511,0.05656,0.08092,0.05019,0.71902,4.69183,0.81014,Overweight
AMGN,Healthcare,0.99015,0.9554,0.90797,0.8273,0.82192,0.81897,0.35348,0.08661,0.33587,2.789,4.31328,0.81179,Overweight
AXP,Financial Services,1.00259,1.02763,1.13703,0.6898,0.70244,0.73157,0.18712,0.08113,0.16177,1.8205,7.46128,0.88181,Overweight
BA,Industrials,0.99006,0.95546,0.99502,0.19418,0.18502,0.15477,0.10343,0.08997,0.05384,1.07648,344.9823,0.99651,Overweight
BIIB,Healthcare,0.98295,0.98413,0.72816,0.86499,0.8672,0.87482,0.32935,0.20687,0.32342,2.3188,0.94001,0.48469,Hold
BK,Financial Services,0.99627,0.97512,0.94552,1.0,1.0,1.0,0.26007,0.26274,0.23262,0.50862,8.68032,0.88738,Hold
BKNG,Consumer Cyclical,1.02766,0.99932,0.96843,1.0,0.98092,0.96137,0.27521,0.18461,0.19873,2.36484,1.58247,0.61277,Overweight
BLK,Financial Services,0.99236,0.98614,1.03366,0.50747,0.50066,0.49082,0.30321,0.36412,0.25838,1.37702,3.89303,0.78981,Buy
BMY,Healthcare,0.99173,1.01351,0.89749,0.71234,0.71385,0.7453,0.21808,0.04847,0.22942,1.61066,1.48664,0.59621,Overweight
C,Financial Services,0.99176,0.9876,1.04442,1.0,1.0,1.0,0.2755,-0.10415,0.23283,0.51488,9.67771,0.89722,Overweight
CAT,Industrials,0.98764,0.95199,0.97001,0.27234,0.26009,0.2111,0.11233,0.01659,-0.00174,1.36803,4.58929,0.82066,Overweight
CELG,Healthcare,0.99776,1.0082,1.13858,0.92023,0.90048,0.87844,0.26477,0.2261,0.17802,2.2349,4.75881,0.82635,Hold
CHTR,Communication Services,1.00741,1.03078,1.19432,0.56268,0.5649,0.56608,0.02819,0.23797,0.12144,0.22571,2.80717,0.69704,Overweight
CL,Consumer Defensive,1.00551,1.01924,1.11588,0.59586,0.60534,0.60342,0.1544,0.13097,0.16064,1.13529,-117.29412,0.9838,Hold
CMCSA,Communication Services,1.00498,1.01364,1.19246,0.68582,0.70181,0.69842,0.12413,0.26738,0.10749,0.79151,2.48371,0.7067,Overweight
COP,Energy,1.00994,0.97357,0.91378,0.47969,0.4097,0.34146,0.16689,-0.02862,-0.15224,1.795,1.18714,0.54181,Overweight
COST,Consumer Defensive,1.01714,1.01414,,0.13014,0.13287,0.13324,0.02214,0.02076,0.01979,1.01822,2.16634,0.67908,Overweight
CSCO,Technology,0.9963,0.96139,1.14897,0.62183,0.62927,0.62712,0.00223,0.20017,0.21806,2.28729,1.51792,0.60285,Overweight
CVS,Healthcare,0.99137,1.01777,0.83613,0.15923,0.1543,0.16257,-0.00306,0.03584,0.02995,1.02804,2.36862,0.702,Overweight
CVX,Energy,1.02109,1.02024,1.03398,0.4048,0.46209,0.49263,0.09329,0.07213,-0.00481,1.25211,0.63551,0.38691,Overweight
DHR,Healthcare,0.9987,1.00874,1.21345,0.55919,0.55814,0.55442,0.13326,0.13596,0.15126,1.46521,0.69489,0.40988,Overweight
DIS,Consumer Cyclical,0.99872,1.00448,1.19311,0.44937,0.45244,0.46319,0.21197,0.16287,0.16881,0.94205,0.91532,0.45278,Overweight
DUK,Utilities,0.99681,0.98335,1.0642,0.44439,0.46156,0.43894,0.11055,0.13192,0.09615,0.64583,2.31778,0.69851,Hold
DOW,Basic Materials,1.00174,0.95507,,0.17164,0.18028,0.17189,0.059,-0.017,0.03967,1.94872,2.33293,0.69078,Overweight
DWDP,Basic Materials,0.9843,0.86416,0.79587,0.25905,0.23065,0.21782,0.04471,0.02337,0.08966,2.007,0.97124,0.48849,Overweight
EMR,Industrials,0.99097,0.94647,0.97262,0.42854,0.4244,0.43121,0.12655,0.09945,0.11259,1.07382,1.27417,0.5591,Overweight
EXC,Utilities,1.00616,0.99286,1.10514,0.28195,0.3021,0.29121,0.05586,0.1128,0.03574,1.17152,2.81485,0.72365,Overweight
F,Consumer Cyclical,1.00445,1.05098,1.14503,0.0928,0.10562,0.11111,0.02293,0.04931,0.03023,1.19965,6.13587,0.85941,Hold
FDX,Industrials,0.98533,0.93911,0.83924,0.27173,0.27786,0.28704,0.06985,0.04969,0.03614,1.38579,1.6952,0.62897,Overweight
GD,Industrials,1.00715,0.98677,0.95876,0.18553,0.20153,0.18537,0.09242,0.09402,0.08416,1.23407,2.87044,0.74163,Overweight
GE,Industrials,0.99568,1.04798,0.95717,0.19092,0.09628,0.20576,-0.18382,-0.07175,0.06278,1.9219,8.3056,0.83223,Overweight
GILD,Healthcare,0.98792,1.0096,0.95374,0.78068,0.83257,0.85979,0.24653,0.17727,0.44426,3.37916,1.9704,0.66181,Overweight
GM,Consumer Cyclical,0.99553,0.96863,1.03329,0.0971,0.12916,0.12993,0.0545,-0.02654,0.06319,0.91556,4.74941,0.81184,Overweight
GS,Financial Services,0.99661,0.9905,0.96168,0.88251,0.88236,0.88134,0.291,0.13363,0.2417,1.89103,10.63588,0.90153,Overweight
HD,Consumer Cyclical,0.99404,0.96384,1.03412,0.34343,0.34048,0.34159,0.10278,0.08553,0.08412,1.10846,-24.43078,1.04268,Overweight
HON,Industrials,1.00387,1.01497,1.15912,0.30515,0.30567,0.29579,0.16183,0.03812,0.12244,1.28736,2.16766,0.68212,Overweight
IBM,Technology,0.99238,0.97687,1.01852,0.46407,0.46681,0.48195,0.10966,0.07269,0.14855,1.28564,6.33794,0.86278,Hold
INTC,Technology,0.94765,0.86454,0.93668,0.61734,0.62384,0.61663,0.29716,0.15298,0.17371,1.73144,0.71617,0.41731,Hold
JNJ,Healthcare,0.99374,0.99843,1.04829,0.66921,0.67379,0.69691,0.18751,0.017,0.23007,1.474,1.55981,0.60935,Overweight
KHC,Consumer Defensive,1.00196,0.99424,0.66762,0.34838,0.38224,0.39083,-0.38954,0.4193,0.13712,1.22322,0.99876,0.49911,Hold
KMI,Energy,1.00408,1.00311,1.13066,0.50912,0.50281,0.55575,0.11376,0.01335,0.05422,0.75718,1.29666,0.55371,Overweight
KO,Consumer Defensive,1.00433,1.00702,1.05523,0.63052,0.62567,0.60669,0.20197,0.03524,0.15591,1.04828,3.77822,0.77098,Overweight
LLY,Healthcare,1.00214,0.98291,1.07895,0.73815,0.73107,0.73094,0.13162,-0.00892,0.129,1.72859,3.35744,0.75155,Overweight
LMT,Industrials,1.01501,1.04856,1.11842,0.13709,0.12752,0.1159,0.09386,0.03929,0.10939,1.11842,31.1528,0.96771,Overweight
LOW,Consumer Cyclical,0.99084,0.94943,1.06782,0.32135,0.32694,0.33336,0.03245,0.05023,0.04757,0.98144,8.46981,0.8944,Overweight
MA,Financial Services,1.00437,1.01146,1.18227,1.0,1.0,1.0,0.39191,0.31328,0.37667,1.39489,3.59055,0.7792,Buy
MCD,Consumer Cyclical,1.00731,1.02275,1.16156,0.513,0.46541,0.41446,0.28177,0.22753,0.19034,1.36311,-6.24275,1.19074,Overweight
MDLZ,Consumer Defensive,1.00977,1.02327,1.19269,0.39911,0.38747,0.38977,0.13035,0.10921,0.06307,0.45432,1.44385,0.59009,Overweight
MDT,Healthcare,0.99272,1.01164,0.9857,0.70053,0.68923,0.69108,0.10052,0.13733,0.12271,2.98625,0.80341,0.445,Overweight
MET,Financial Services,1.00859,1.04508,1.09524,0.29441,0.27487,0.29597,0.07543,0.0644,0.014,1.10939,12.03201,0.92297,Overweight
MMM,Industrials,0.98588,0.88619,0.88087,0.49168,0.49556,0.49789,0.16325,0.15346,0.16772,1.89246,2.7207,0.73019,Hold
MO,Consumer Defensive,0.99246,0.96378,0.95702,0.62037,0.61573,0.59994,0.35477,0.52437,0.73636,0.20285,2.75986,0.73349,Overweight
MRK,Healthcare,0.99712,1.01105,1.09997,0.68109,0.68496,0.66081,0.14707,0.05967,0.09848,1.16523,2.08812,0.6747,Overweight
MS,Financial Services,0.99127,0.98471,1.02457,0.89007,0.89764,0.89296,0.21812,0.16105,0.17265,1.75819,10.76492,0.90462,Overweight
NEE,Utilities,1.01043,1.00536,1.10373,0.57781,0.56158,0.53396,0.39684,0.31328,0.18007,0.364,1.92775,0.63471,Buy
NKE,Consumer Cyclical,1.00948,0.97313,1.06583,0.43839,0.44576,0.46241,0.05311,0.12344,0.11614,2.50563,1.29678,0.56461,Overweight
ORCL,Technology,1.00556,0.99962,1.1171,0.79712,0.80203,0.79812,0.09603,0.24743,0.24026,3.95749,1.99099,0.66325,Hold
OXY,Energy,0.94786,0.90444,0.77094,0.63151,0.55277,0.48573,0.23177,0.10481,-0.05689,1.33999,1.05598,0.51361,Overweight
PEP,Consumer Defensive,1.01061,1.01562,1.14602,0.54566,0.5467,0.5506,0.19355,0.07646,0.10078,0.98893,4.34261,0.81195,Overweight
PFE,Healthcare,0.99949,1.01199,1.00762,0.79257,0.79869,0.77438,0.2079,0.40551,0.13659,1.56714,1.50918,0.60007,Overweight
PG,Consumer Defensive,1.00827,1.00896,1.20652,0.49951,0.50902,0.49603,0.14589,0.23557,0.16092,0.82587,1.27473,0.55301,Overweight
PM,Consumer Defensive,1.00206,0.9944,1.05659,0.63686,0.63712,0.64808,0.26704,0.20993,0.26108,1.13094,-4.05651,1.26982,Overweight
PYPL,Financial Services,1.00554,1.00986,1.22538,0.46042,0.45952,0.47417,0.13313,0.13709,0.12922,1.27251,1.81633,0.64493,Overweight
QCOM,Technology,1.00372,1.06635,1.41997,0.56911,0.58032,0.60453,-0.21397,0.11063,0.24221,1.54717,34.22198,0.97161,Overweight
RTN,Industrials,1.0033,0.99911,0.97598,0.27663,0.27647,0.27429,0.10751,0.07985,0.09302,1.46429,1.74172,0.62707,Overweight
SBUX,Consumer Cyclical,1.00624,1.02316,1.27475,0.29741,0.30639,0.31632,0.18278,0.12886,0.13219,2.19806,19.64994,0.95133,Overweight
SLB,Energy,0.9795,0.91085,0.75158,0.13217,0.13607,0.13305,0.06515,-0.04944,-0.06066,1.16647,0.93803,0.4811,Overweight
SO,Utilities,1.01156,1.01646,1.15411,0.41085,0.43192,0.42873,0.09474,0.03656,0.12304,0.6708,3.54261,0.74913,Hold
SPG,Real Estate,1.00239,0.98641,1.01239,0.81904,0.82101,0.81998,0.43263,0.3517,0.33833,0.41661,8.19289,0.86876,Overweight
T,Communication Services,1.00446,0.98169,1.00775,0.5349,0.51534,0.52871,0.11344,0.18344,0.07923,0.79831,1.83596,0.63546,Overweight
TGT,Consumer Defensive,0.99208,0.94628,0.97389,0.2927,0.2969,0.30064,0.03897,0.04007,0.03891,0.83382,2.65495,0.7264,Overweight
TXN,Technology,0.99277,0.97721,1.07699,0.6511,0.6426,0.61758,0.35352,0.24611,0.26889,3.27284,0.90538,0.47517,Overweight
UNH,Healthcare,1.00559,1.03802,0.94799,0.238,0.2337,0.23472,0.05298,0.05249,0.03796,0.67019,1.85689,0.63062,Buy
UNP,Industrials,1.00064,1.00809,1.15132,0.51485,0.52618,0.51542,0.2613,0.50433,0.21228,0.89991,1.8961,0.65471,Overweight
UPS,Industrials,0.98668,0.92984,0.9172,0.18271,0.20825,0.19003,0.06667,0.07367,0.05554,1.15071,15.55081,0.93928,Overweight
USB,Financial Services,0.99406,1.00591,1.03052,1.0,1.0,1.0,0.34094,0.31273,0.30649,0.071,9.22893,0.88947,Hold
UTX,Industrials,0.9987,0.99251,1.08555,0.25057,0.26131,0.27554,0.07923,0.07607,0.08831,1.13182,2.43177,0.6966,Overweight
V,Financial Services,0.99973,0.99715,1.13119,0.96671,0.96623,0.96433,0.49983,0.36491,0.39723,1.61132,1.2342,0.50876,Buy
VZ,Communication Services,1.00438,0.99283,1.06215,0.57815,0.58034,0.58167,0.11866,0.23883,0.1042,0.91316,3.95369,0.79341,Overweight
WBA,Consumer Defensive,0.9991,0.99445,0.78861,0.23409,0.24669,0.25457,0.03819,0.0345,0.03556,0.82365,1.59322,0.60823,Hold
WMT,Consumer Defensive,1.01121,1.00365,1.09624,0.25098,0.25372,0.25648,0.01297,0.01971,0.02808,0.79891,1.92646,0.63686,Overweight
XOM,Energy,1.00595,0.96993,0.99137,0.31711,0.32935,0.33828,0.07461,0.08311,0.03908,0.8396,0.76993,0.42654,Hold
BRK-A,Financial Services,0.99856,0.99148,1.0283,0.04048,0.10476,0.16816,0.01624,0.18674,0.11152,3.16354,1.0189,0.50197,Overweight
RCI,Communication Services,1.00554,1.00732,1.01522,0.39633,0.38291,0.36717,0.13639,0.1284,0.06094,0.71504,2.90243,0.74375,Hold
TU,Communication Services,1.0006,0.99231,1.0538,0.36403,0.36964,0.36369,0.11352,0.11717,0.09611,0.79343,2.21503,0.68725,Overweight
BCE,Communication Services,1.00338,0.99539,1.09473,0.41836,0.42224,0.41715,0.12481,0.13156,0.13956,0.55547,2.22575,0.63767,Overweight
SJR,Communication Services,1.00603,1.00727,1.05077,0.40695,0.38406,0.40704,0.01145,0.17431,0.27003,0.63687,1.49514,0.58701,Overweight
TECD,Technology,0.98606,0.96587,1.17715,0.06058,0.06297,0.05381,0.00915,0.00347,0.00806,1.24235,3.42212,0.77386,Hold
CPSI,Technology,0.98416,0.9445,0.96897,0.53396,0.53181,0.50037,0.06288,-0.06289,0.01472,1.81643,1.05119,0.51248,Hold
RDCM,Communication Services,0.9961,1.01904,0.69796,0.73962,0.71831,0.69563,-0.07093,0.07791,0.06489,11.2126,0.14081,0.12343,Overweight
VIOT,Technology,0.92949,0.75715,,0.28025,0.31514,0.25604,0.02552,0.10678,0.05202,2.23407,0.79804,0.44315,Overweight
AAON,Basic Materials,1.00854,0.99827,1.26758,0.23858,0.30451,0.30752,0.0981,0.13449,0.13901,2.93027,0.24525,0.19695,Hold
AATDF,Consumer Cyclical,1.00791,1.01832,0.8285,0.59244,0.62461,0.63723,0.0429,0.11575,0.16383,0.66858,-2.08284,1.9235,Hold
ABEV,Consumer Defensive,0.97855,0.97159,0.96046,0.61638,0.62334,0.63428,0.21948,0.15307,0.27513,1.02019,0.64924,0.38861,Hold
AGESY,Financial Services,1.00171,0.98816,,0.27841,0.24256,0.22296,0.06971,0.04978,0.00203,0.63816,9.58058,0.88671,Hold
ALE,Utilities,1.00364,1.01637,1.06938,0.31002,0.32382,0.3406,0.11618,0.12133,0.11592,0.82523,1.39586,0.58261,Underweight
ALO,Basic Materials,0.94937,0.87989,0.62941,-0.06062,0.29196,0.28139,-0.13436,0.11314,0.25621,2.59899,0.37,0.27007,Hold
AOSL,Technology,0.95307,0.87076,0.86417,0.26551,0.23953,0.1961,0.03383,0.03608,-0.00872,1.84388,0.86465,0.36112,Hold
ARCO,Consumer Cyclical,0.98547,0.97708,0.9251,0.12196,0.13527,0.12233,0.01196,0.03891,0.02691,0.94172,3.02072,0.75111,Hold
AUO,Technology,0.97313,0.91856,0.82614,0.09147,0.17899,0.10481,0.04249,0.12494,0.03028,1.15231,0.98654,0.47865,Hold
AVA,Utilities,1.00334,1.02207,0.92492,0.64583,0.63721,0.61777,0.09767,0.08017,0.09513,0.54242,2.26059,0.69321,Hold
AVH,Industrials,0.99015,0.93667,0.68436,0.2772,0.29268,0.30469,-0.00507,0.01086,0.0041,0.51201,5.23402,0.86058,Hold
AWR,Utilities,1.01018,1.02892,1.13607,0.51892,0.54338,0.54841,0.14622,0.15744,0.137,0.89687,1.68967,0.62821,Underweight
BAMXF,Consumer Cyclical,0.97256,0.9191,0.87116,0.17535,0.18904,0.18342,0.07301,0.08739,0.07288,1.1781,2.62152,0.72204,Hold
BCH,Financial Services,0.99486,0.97498,0.98097,0.97584,0.97569,0.97532,0.37369,0.39071,0.38753,0.1837,9.87313,0.90803,Underweight
BCRH,Financial Services,0.98042,0.99411,0.89235,-0.68079,-0.7753,0.45305,-0.80791,-0.87449,0.33568,3.36458,0.80044,0.44458,Underweight
BEN,Financial Services,1.00512,0.98174,1.07869,0.45715,0.458,0.46044,0.12097,0.26543,0.26091,4.80527,0.31639,0.21775,Underweight
BKCC,Financial Services,0.99775,1.00951,1.09044,1.0,1.0,1.0,-0.10925,0.21476,-0.71793,1.08731,0.42424,0.29787,Underweight
BKE,Consumer Cyclical,0.99236,1.01323,0.89426,0.49348,0.49411,0.48069,0.10797,0.09821,0.10049,4.10597,0.33875,0.25303,Underweight
BKEAY,Financial Services,1.0,0.95455,0.87685,1.0,1.0,1.0,0.41732,0.60557,0.30241,0.2157,7.30616,0.87662,Underweight
BLX,Financial Services,0.99791,0.98531,1.0501,0.95843,0.98679,0.98594,0.159,0.64735,0.65586,0.35789,6.65827,0.86942,Buy
BRRAY,Industrials,1.02367,0.99222,1.05858,0.11003,0.10804,0.10449,0.06064,0.02652,0.03033,1.70691,1.19238,0.53816,Overweight
BTLCY,Real Estate,0.97642,0.96531,0.96939,0.73009,0.7933,0.80801,0.66532,0.26955,1.85773,1.25469,0.3971,0.27876,Hold
BXEFF,Energy,0.98901,0.88525,,0.39094,0.39955,0.39926,-0.71412,-0.40527,-0.12745,0.44071,0.83692,0.45561,Underweight
BYPLF,Industrials,0.99247,0.9866,0.94465,0.381,0.37714,0.36996,0.14164,0.14068,0.11156,1.19253,0.363,0.26613,Hold
CAJ,Industrials,1.00573,0.98681,0.93746,0.46447,0.48788,0.49155,0.06396,0.05929,0.04429,1.99114,0.66542,0.38403,Hold
CBL,Real Estate,1.03968,1.09253,0.43816,0.70577,0.71901,0.72628,-0.09151,0.13043,0.16813,0.55586,4.46537,0.80607,Underweight
CCLAY,Consumer Defensive,1.00783,1.00612,0.97767,0.37774,0.39034,0.37851,0.05856,0.0945,0.0483,1.71293,2.76542,0.69217,Underweight
CCM,Healthcare,1.06532,1.08998,0.79952,0.29609,0.37029,0.42685,-0.85903,-0.57548,-0.12702,1.00268,2.19923,0.59277,Sell
CCU,Consumer Defensive,1.00173,0.97935,1.0517,0.51774,0.5297,0.52414,0.17209,0.07631,0.07599,1.45729,0.79426,0.42261,Underweight
CICOY,Industrials,0.96262,0.89565,0.9702,0.08367,0.08688,-0.00992,0.01026,0.02943,-0.13921,0.67926,7.50631,0.75299,Hold
CLDP,Basic Materials,0.81081,0.85135,,0.08331,0.1517,0.19669,-0.88659,-0.00771,0.0283,2.04828,2.1622,0.68376,Sell
CLNE,Energy,0.95161,0.9249,1.1474,0.38536,0.2896,0.36534,-0.01094,-0.23196,-0.03018,2.81097,0.34266,0.249,Overweight
CMO,Real Estate,0.99083,0.98312,1.06068,1.0,1.0,1.0,0.80298,0.91217,0.83454,0.02005,13.76962,0.9131,Hold
CNS,Financial Services,1.01131,1.04502,1.27967,0.52419,0.53151,0.51991,0.29885,0.24278,0.2644,3.3915,0.42989,0.22128,Hold
CPB,Consumer Defensive,1.00503,0.99752,1.04476,0.33552,0.37123,0.36779,0.03005,0.11242,0.07072,0.63884,9.64516,0.9055,Underweight
CSIOY,Technology,0.99069,0.96724,0.83916,0.43068,0.41548,0.43436,0.06215,0.05731,0.08855,2.60089,0.76301,0.43279,Hold
CSTE,Basic Materials,0.99008,1.00976,0.97358,0.28742,0.33533,0.39456,0.04238,0.04455,0.13851,3.14613,0.32245,0.24382,Underweight
CYH,Healthcare,1.01411,1.01656,0.93972,0.38262,0.34554,0.36897,-0.05567,-0.16016,-0.09334,1.4837,-10.95635,1.06047,Underweight
CYOU,Technology,0.99979,1.10592,1.15742,0.66892,0.71774,0.6844,0.17361,0.18756,0.27589,1.74845,1.36651,0.57688,Underweight
DB,Financial Services,0.99747,0.94338,0.77917,1.0,1.0,1.0,0.01075,-0.02897,-0.04897,0.71125,19.04718,0.94901,Underweight
DDS,Consumer Cyclical,0.98416,0.94971,0.88894,0.34011,0.34611,0.35082,0.02618,0.03446,0.02637,1.89659,1.04445,0.51087,Underweight
DFIN,Financial Services,0.97773,0.9784,0.90123,0.39013,0.38163,0.37062,0.07643,0.00965,0.06009,1.25504,2.84381,0.73984,Hold
DIIBF,Consumer Cyclical,1.00468,0.98455,0.60204,0.21647,0.23756,0.23617,-0.16963,0.01065,-0.00446,1.06246,1.98313,0.66478,Hold
DO,Energy,1.01848,0.88408,0.6402,0.31806,0.44739,0.49373,-0.17007,0.01264,-0.24423,3.31835,0.68376,0.40609,Hold
DTEGY,Communication Services,1.00586,1.00321,1.06479,0.31454,0.31125,0.30775,0.02773,0.04479,0.03555,0.75041,3.29822,0.70121,Overweight
EDN,Utilities,1.01769,1.08154,0.68796,0.23529,0.24078,0.0222,0.0768,0.12829,0.00932,0.65341,1.48611,0.59776,Hold
EIGI,Technology,0.99455,0.87102,0.61987,0.54653,0.50623,0.48251,0.00396,-0.09118,-0.06555,0.43984,13.94094,0.93307,Hold
ELP,Utilities,1.00891,1.13217,1.59136,0.1944,0.2109,0.18657,0.09421,0.0737,0.06837,0.99742,1.2221,0.54533,Overweight
ENQUF,Energy,1.0,0.96154,0.72063,0.28682,0.09235,0.18118,0.09802,-0.09695,0.23206,0.69415,4.7566,0.82629,Underweight
ENT,Consumer Cyclical,1.04265,1.25886,0.39813,0.21187,0.25804,0.31597,-0.36563,-0.57648,-0.21318,0.90404,-4.16826,1.31563,Hold
ESALY,Healthcare,1.01058,1.00501,0.7255,0.66461,0.63661,0.6451,0.0864,0.07301,0.10026,2.21751,0.73273,0.4146,Hold
EVRZF,,1.0,0.99152,1.30917,0.3759,0.30867,0.2842,0.18744,0.06456,-0.02788,1.51697,4.42296,0.79324,Underweight
FANUY,Industrials,0.98569,0.93853,0.97353,0.41822,0.45169,0.43492,0.24256,0.25042,0.23782,6.72025,0.12533,0.11087,Underweight
FGP,Energy,1.00478,1.01848,0.61955,0.37408,0.38306,0.43026,-0.12157,-0.0278,-0.32302,1.30137,-2.5029,1.75881,Underweight
FIZZ,Consumer Defensive,0.9861,1.00587,0.64267,0.40086,0.39433,0.34257,0.1535,0.12945,0.08683,3.37219,0.3787,0.27764,Underweight
GEF,Consumer Cyclical,0.99524,0.99275,0.83189,0.20365,0.19644,0.20607,0.05406,0.0326,0.02254,1.45733,1.80998,0.62761,Hold
GFI,Basic Materials,0.97946,0.985,,0.18322,0.21533,0.22007,-0.13508,-0.00677,0.05933,1.49651,1.31372,0.55656,Hold
GGAL,Financial Services,,,,0.98103,0.98458,0.98053,0.22802,0.20083,0.24612,0.59692,9.26864,0.89987,Underweight
GLAPY,Consumer Defensive,0.97629,0.93448,0.97247,0.285,0.27008,0.28458,0.09806,0.13799,0.09504,1.8685,0.94997,0.48717,Hold
GSH,Industrials,1.00182,0.95371,0.80142,0.07536,0.09265,0.11379,0.03954,0.05539,0.06703,0.98979,0.22826,0.18603,Overweight
HK,Energy,0.54965,0.4738,0.20566,0.52991,0.58985,0.55687,0.20281,1.41729,-1.11192,0.89434,0.74063,0.42549,Hold
HMSNF,Real Estate,0.98691,0.94016,0.73831,0.84642,0.84943,0.84188,-0.58321,0.81001,0.68918,0.70827,0.64225,0.39107,Hold
HRZN,Financial Services,0.99438,0.98759,1.06649,1.0,1.0,1.0,0.41846,0.37208,-0.14895,2.93616,0.98685,0.49669,Hold
HSBC,Financial Services,0.9948,0.99207,1.00835,1.0,1.0,1.0,0.26332,0.21758,0.05563,0.48282,14.4239,0.92407,Hold
HSNGY,Financial Services,0.98727,0.98617,1.05698,1.0,1.0,1.0,0.62247,0.59925,0.59927,0.14055,8.6943,0.89683,Hold
IDA,Utilities,1.01269,1.03521,1.07305,0.36584,0.38292,0.36374,0.16546,0.15741,0.15712,2.31113,1.69044,0.62778,Underweight
IEP,Industrials,0.9939,1.00698,,0.19022,0.15806,-0.01124,0.17629,0.22831,-0.14976,3.96002,1.43339,0.44841,Hold
INVA,Healthcare,0.98819,1.03483,0.95358,1.0,0.99376,0.98957,1.5136,0.61755,0.44573,34.91982,2.53375,0.70986,Hold
IRS,Real Estate,0.99012,0.93343,0.61186,0.40368,0.41722,0.46694,0.46353,0.11175,0.70206,1.41263,6.98089,0.778,Underweight
ISEE,Healthcare,1.0221,1.0458,,-0.16591,0.6843,-2.8558,0.30045,0.54389,-3.79933,10.09291,0.10654,0.09628,Underweight
JDWPY,Consumer Cyclical,1.0,1.00197,1.10453,0.1503,0.14899,0.1464,0.03938,0.03407,0.0321,0.35047,4.15181,0.80589,Underweight
JFEEF,Basic Materials,1.0,1.0,,0.15837,0.12673,0.12063,0.03932,0.02053,0.00981,1.64324,1.26108,0.55019,Hold
KGFHY,Consumer Cyclical,0.96937,0.93877,0.93228,0.36876,0.3692,0.37194,0.01866,0.04161,0.05434,1.28116,0.50218,0.3343,Underweight
KKPNF,Communication Services,1.00466,1.04206,1.11987,0.48838,0.47997,0.43726,0.04788,0.06792,0.11651,0.92115,5.26067,0.84027,Overweight
KUBTY,Industrials,1.01115,1.0014,0.96301,0.28502,0.29165,0.29669,0.0749,0.0779,0.08301,1.77664,1.09656,0.50739,Overweight
KYOCY,Technology,1.00295,1.00852,,0.28578,0.2385,0.26237,0.06356,0.05186,0.07299,3.62314,0.26754,0.20422,Overweight
LGRVF,Industrials,0.98132,0.95775,1.0028,0.52149,0.52721,0.52559,0.12868,0.12882,0.12523,1.60559,1.24351,0.55395,Hold
LN,Technology,0.99785,0.98942,0.89836,0.37069,0.37395,0.36162,-0.01791,0.04809,0.04756,2.6416,1.39794,0.57148,Hold
LPL,Technology,0.97304,0.87103,0.85806,0.12677,0.19307,0.14148,-0.00852,0.06487,0.03421,0.87699,1.30834,0.55129,Hold
LSGOF,Real Estate,1.00168,1.0045,1.04503,0.70188,0.77255,0.66454,-0.29577,0.14358,1.42038,0.48475,0.37905,0.27486,Overweight
LTRPA,Technology,0.90486,0.87132,0.80748,0.77647,0.79031,0.75914,-0.03963,-0.25303,0.01371,1.52039,4.42857,0.28484,Sell
MBNKF,Financial Services,0.93928,0.74155,0.25291,1.0,1.0,1.0,0.06842,0.03782,-0.08799,0.16325,14.42908,0.93519,Underweight
MCY,Financial Services,1.00841,1.05981,1.11899,0.08049,0.13181,0.10831,-0.00169,0.04245,0.02263,0.56571,2.35896,0.70229,Hold
MDOMF,,0.9793,0.96426,0.8025,0.55091,0.5454,0.54439,0.07479,0.07196,0.08502,5.04024,0.25134,0.1872,Hold
MGI,Financial Services,0.79941,0.78086,0.51512,0.4942,0.5044,0.50049,-0.01658,-0.0186,0.00975,63.98188,-16.98251,1.06257,Underweight
MHVYF,Industrials,1.0,0.98709,-2.85736,0.18834,0.17781,0.18731,0.02485,0.01715,0.02241,1.22131,2.3719,0.65994,Hold
MN,Financial Services,1.01476,1.04336,0.92349,0.36845,0.41308,0.50554,0.01982,0.0178,0.03725,4.61583,0.35238,0.27802,Underweight
MSC,Consumer Cyclical,1.00973,1.06963,,0.78325,0.75872,0.60781,-0.03781,-0.1416,-0.5719,1.04572,2.02252,0.60875,Sell
MURGY,Financial Services,1.00987,1.00564,1.11597,0.32707,0.25402,0.30829,0.04427,0.00672,0.04636,0.29085,9.2407,0.90191,Hold
NEU,Basic Materials,1.00293,0.99778,1.0475,0.25565,0.28948,0.33042,0.10252,0.08666,0.11878,2.99822,2.46448,0.71136,Sell
NILSY,Basic Materials,0.98852,0.9613,1.16755,0.57489,0.52001,0.49885,0.26435,0.23278,0.30706,1.9313,3.65436,0.77228,Hold
NINOY,Consumer Cyclical,0.97202,0.9516,0.81729,0.42815,0.43637,0.40856,0.09386,0.04849,0.00529,2.08228,0.84144,0.45662,Hold
NLNK,Healthcare,0.9735,0.99635,0.63703,-2.62306,-1.41252,-1.29814,-4.29654,-2.50604,-2.38076,14.36329,0.13719,0.12064,Underweight
NM,Industrials,0.91316,0.80958,0.64226,0.40535,0.28595,0.27946,-0.51902,-0.3583,-0.72376,0.93211,8.57695,0.80552,Sell
NPCPF,Basic Materials,1.0,1.0,0.99613,0.38581,0.40512,0.43374,0.07225,0.06133,0.06834,2.05868,0.58912,0.32115,Hold
NWE,Utilities,1.00617,1.02081,1.16145,0.77107,0.68571,0.68107,0.16523,0.12461,0.13058,0.80022,1.9059,0.65587,Underweight
NWS,Consumer Cyclical,1.01588,0.97031,0.88909,0.45667,0.44354,0.42981,-0.16777,-0.09067,0.02159,1.33354,0.62953,0.35782,Hold
ODP,Consumer Cyclical,0.97649,0.89804,0.74918,0.23159,0.24033,0.24571,0.00944,0.01768,0.048,1.22792,1.90028,0.65521,Underweight
OTTR,Utilities,0.99485,0.99769,,0.29591,0.30774,0.30244,0.08985,0.08529,0.07756,1.41934,1.81605,0.64489,Hold
PAHC,Healthcare,0.94723,0.89623,0.76864,0.32751,0.32481,0.32148,0.07913,0.08454,0.11008,2.90084,2.6316,0.72464,Hold
PETS,Consumer Defensive,0.98284,0.90543,0.6713,0.3363,0.35722,0.31831,0.13316,0.13617,0.09559,6.78788,0.14663,0.12787,Underweight
PHI,Communication Services,1.01367,1.02971,1.05391,0.77168,0.78176,0.73065,0.11481,0.08361,0.12106,0.53898,3.20276,0.74204,Hold
PIR,Consumer Cyclical,0.96774,1.20999,0.59842,0.29035,0.36594,0.38137,-0.12804,0.00646,0.01648,1.75729,6.33047,0.86358,Underweight
PSEC,Financial Services,1.0003,1.01192,1.04791,1.0,1.0,1.0,0.45583,0.36076,0.13051,0.92407,0.71375,0.41648,Underweight
PUBGY,Consumer Cyclical,0.9837,0.99683,0.94742,0.37005,0.37152,0.38405,0.10246,0.09237,-0.05415,0.94192,2.95155,0.74694,Overweight
RAD,Consumer Defensive,0.98375,0.8783,0.35155,0.2161,0.22203,0.2209,-0.01951,0.04382,0.00018,1.67888,5.39709,0.84368,Underweight
RANJY,Industrials,1.00646,1.00351,1.08834,0.19742,0.20221,0.1902,0.02956,0.02711,0.02843,1.11314,1.30833,0.54931,Overweight
RBGLY,Consumer Defensive,1.01242,1.03,0.99795,0.6061,0.60983,0.61192,0.17155,0.53909,0.19325,0.65038,1.55074,0.6072,Overweight
RDY,Healthcare,0.9852,1.00323,1.16669,0.5379,0.5626,0.59975,0.06913,0.08607,0.13007,1.57328,0.78399,0.43946,Hold
RECN,Industrials,0.9947,1.00243,0.99804,0.37616,0.37936,0.3879,0.02878,0.03197,0.05086,2.06171,0.6095,0.37869,Underweight
RLGY,Real Estate,0.96926,0.71901,0.45262,0.46011,0.4717,0.49312,0.02254,0.07049,0.03666,0.50295,2.15275,0.68244,Underweight
RNDB,Financial Services,0.99549,0.99119,0.9581,1.0,1.0,1.0,-0.07065,-0.07801,0.01796,0.09587,6.88009,0.8731,Hold
RNSHF,Technology,1.0,1.00634,0.99428,0.53412,0.53171,0.51181,0.21737,0.16571,0.11287,3.72236,0.35145,0.26026,Hold
RYCEY,Industrials,1.00656,1.02191,1.03559,0.07617,0.16424,0.20588,-0.15265,0.22933,-0.26961,1.10462,-30.64153,1.03302,Overweight
SAGKF,Industrials,1.0,0.97794,0.81705,0.16936,0.13169,0.14929,0.02185,0.00807,0.02529,0.62583,8.54582,0.90425,Hold
SAPMF,Energy,1.0,0.96692,1.05677,0.17748,0.17466,0.34199,-0.0553,-0.0364,-0.20857,1.40248,1.92857,0.65436,Overweight
SBS,Utilities,0.96283,1.03401,1.42031,0.4351,0.39904,0.36069,0.17625,0.17246,0.20904,1.03772,1.2282,0.55121,Hold
SCBFF,Financial Services,0.97509,0.98665,1.05839,1.0,1.0,1.0,0.07539,0.09229,-0.02171,0.42353,12.74806,0.92689,Hold
SCGLY,Financial Services,0.98353,0.95367,0.80511,1.0,1.0,1.0,0.16078,0.11522,0.1596,0.65133,20.37851,0.94974,Hold
SCMWY,Communication Services,1.00318,1.00283,1.05176,0.51767,0.52401,0.52255,0.13036,0.13463,0.13777,0.88138,1.74851,0.63659,Hold
SFUN,Technology,0.95029,0.8558,0.53105,0.80671,0.60702,0.25012,-0.38719,0.04886,-0.18511,1.10938,2.07804,0.67486,Underweight
SHI,Energy,0.98587,0.92529,0.81059,0.17987,0.22996,0.26809,0.04897,0.06675,0.07646,1.81836,0.46274,0.31552,Hold
SHLO,Consumer Cyclical,0.9663,0.97926,0.72252,0.10184,0.11071,0.09039,0.01007,-0.00067,0.00344,1.36672,2.55688,0.71885,Hold
SID,Basic Materials,1.01743,1.00458,1.43912,0.29229,0.2652,0.26192,0.22091,0.00055,-0.05451,1.05035,4.28763,0.78842,Overweight
SKFRY,Industrials,0.98961,0.92998,0.98655,0.24409,0.2497,0.24489,0.08499,0.07025,0.0549,2.2615,1.54225,0.59331,Underweight
SMGZY,Industrials,0.9897,0.97969,0.99673,0.45565,0.46494,0.45744,0.08621,0.17134,0.08783,2.04058,1.26981,0.5577,Hold
SNEC,Energy,0.88853,0.75547,0.0602,0.63497,0.62034,0.5936,0.08062,0.05834,-0.32803,1.07086,-6.32435,0.99705,Sell
SNH,Real Estate,0.99731,1.00117,0.58218,0.59561,0.61488,0.62016,0.25679,0.13735,0.13355,3.34193,1.31671,0.55591,Hold
SNPTF,Technology,0.95067,0.88101,0.85824,0.18946,0.21473,0.18342,0.09605,0.12973,0.08697,1.93241,1.4689,0.59355,Overweight
SOCLF,Energy,0.98684,0.93281,0.80241,0.44062,0.28892,0.24575,0.17313,-1.10309,-0.02975,9.40925,0.63339,0.38778,Hold
SOGO,Technology,0.98518,0.98698,0.72688,0.38312,0.49645,0.54159,0.08787,0.09049,0.08497,2.67809,0.45339,0.31195,Hold
SPKKY,Communication Services,1.00402,0.99033,0.95383,0.30995,0.30188,0.3054,0.10551,0.11566,0.1058,1.11773,1.21869,0.54928,Underweight
SRLP,Energy,0.9845,0.99811,0.94352,0.08638,0.08834,0.08825,0.02117,0.01033,0.00425,1.33676,8.09094,0.89,Hold
SSYS,Technology,0.97857,1.0003,1.08118,0.49038,0.4852,0.48055,-0.01653,-0.05982,-0.11483,3.89218,0.21477,0.17669,Hold
SVCBY,Basic Materials,1.00623,0.9762,0.88851,0.65625,0.62131,0.61323,0.17899,7.82931,0.33194,1.21102,0.55007,0.35487,Overweight
TBAKF,Consumer Cyclical,1.0,1.0,0.87139,0.5832,0.60981,0.60968,0.06596,0.08914,0.0877,1.50828,1.06192,0.51502,Overweight
TBNK,Financial Services,0.99882,1.00519,1.01971,1.0,1.0,1.0,0.30584,0.23925,0.2634,0.03088,7.80217,0.88639,Hold
TCS,Consumer Cyclical,0.99371,1.02442,1.11041,0.57985,0.58062,0.5807,0.02266,0.01824,0.00511,1.21857,2.01306,0.66811,Underweight
TEDU,Consumer Defensive,0.98918,0.876,,0.58937,0.69642,0.71569,-0.26605,0.09363,0.15311,0.92704,1.16901,0.53921,Underweight
TGH,Industrials,1.02178,0.99543,0.76869,0.73714,0.72711,0.70295,0.07443,0.03296,-0.08832,1.39447,2.90708,0.73948,Hold
TINLY,Basic Materials,0.99102,0.97559,0.94819,0.30146,0.32252,0.33513,0.05071,0.05456,0.06763,1.74499,1.44173,0.58143,Hold
TMNSF,Technology,1.0,1.0,0.95871,0.72743,0.71651,0.69595,0.20007,0.18821,0.18269,1.00285,4.5172,0.81875,Hold
TOO,Industrials,0.97095,0.91398,0.66552,0.54668,0.51965,0.54818,-0.08165,-0.26789,0.02854,0.50174,3.7675,0.72532,Underweight
TRMK,Financial Services,0.9882,0.99524,1.06991,1.0,1.0,1.0,0.25471,0.18071,0.19828,0.04794,7.34863,0.88022,Underweight
TUP,Consumer Cyclical,0.97301,0.911,0.67592,0.66599,0.67165,0.67706,0.07532,-0.11765,0.10103,0.81755,-6.56463,1.17971,Hold
TVFCF,Consumer Cyclical,1.0,1.04044,1.11384,0.37578,0.37615,0.35662,0.05589,0.06392,0.02022,1.31851,1.00159,0.49998,Overweight
UA,Consumer Cyclical,0.98102,0.96707,0.99814,0.45469,0.45227,0.46523,-0.00892,-0.00967,0.05317,1.97088,1.10476,0.52489,Hold
UNIT,Real Estate,1.04392,1.02739,0.7054,0.85685,0.88212,0.93661,0.01591,-0.0103,-0.00028,1.00656,-3.78388,1.30627,Underweight
UPL,Energy,1.13336,1.09508,0.42852,0.77465,0.77613,0.6991,0.10662,0.2212,0.08621,0.8036,-2.65292,1.60499,Underweight
UTL,Utilities,1.00654,1.02625,1.12396,0.32425,0.35303,0.35576,0.07431,0.07139,0.07068,0.79065,2.69724,0.72942,Hold
VEDL,Basic Materials,0.98274,0.92398,0.82131,0.51879,0.47288,0.52642,0.07675,0.11258,0.09634,0.78063,1.9988,0.6163,Hold
VLEEY,Consumer Cyclical,0.98046,0.93567,0.81714,0.19211,0.20731,0.18282,0.02855,0.04745,0.056,0.9469,2.86458,0.70886,Hold
VSI,Consumer Cyclical,0.92933,0.81502,0.67098,0.43379,0.42673,0.4372,-0.00337,-0.21993,0.02014,2.07815,1.06051,0.51468,Hold
WINMQ,Communication Services,1.01911,0.99408,,0.48821,0.47783,0.49031,-0.12655,-0.36163,-0.07119,0.10964,-6.3446,1.1871,Underweight
WOPEY,Energy,1.02179,0.99651,1.035,0.50305,0.47597,0.45178,0.26031,0.26893,0.21301,2.30718,0.50123,0.32361,Overweight
WPG,Real Estate,0.99748,1.00382,0.79453,0.67388,0.6853,0.67557,0.12941,0.25994,0.07959,0.80535,4.02662,0.73596,Sell
WRLD,Financial Services,1.03885,1.08683,1.25002,0.72743,0.76129,0.7582,0.06838,0.09785,0.13842,15.0195,0.54856,0.35424,Sell
WTKWY,Consumer Cyclical,0.99536,0.98916,1.12501,0.69554,0.69528,0.69319,0.15423,0.1456,0.11409,0.67971,2.67446,0.72785,Hold
XRF,Financial Services,0.90851,0.79988,0.37367,0.853,0.75626,0.72578,-0.39502,-0.58554,-0.47299,2.30163,1.32948,0.57072,Hold
Z,Real Estate,1.0383,1.02676,0.83823,0.88483,0.92087,0.91819,-0.08988,-0.08769,-0.26038,6.58334,0.3134,0.23862,Hold
AEG,Financial Services,0.98467,0.95544,0.86623,0.26069,0.11029,0.09978,0.03947,0.04584,0.00878,2.37717,16.41455,0.94252,Hold
ARR,Real Estate,1.00435,0.9761,0.91762,1.0,1.0,1.0,1.53705,0.83487,3.13954,0.19692,7.995,0.86706,Underweight
CHT,Communication Services,0.9939,0.99714,1.01716,0.35241,0.3546,0.35844,0.17429,0.17137,0.17603,1.45036,0.22026,0.1767,Underweight
CMCM,Technology,0.98843,0.94231,0.69241,0.69074,0.64218,0.66179,0.23424,0.27101,-0.01764,3.03282,0.36707,0.24241,Underweight
DF,Consumer Defensive,1.02684,0.94551,0.2814,0.21344,0.23323,0.25785,-0.04215,0.0079,0.01555,1.3017,5.95379,0.85144,Underweight
GHL,Financial Services,0.98004,0.86538,0.72824,0.92905,0.90227,0.93731,0.11902,-0.11488,0.18286,2.79434,6.78827,0.8716,Underweight
GLP,Energy,1.01641,1.02502,1.13707,0.05132,0.06536,0.06632,0.00812,0.00654,-0.02404,1.50134,4.44992,0.79409,Underweight
GTX,Consumer Cyclical,0.98961,0.98997,,0.23052,0.24386,0.22623,0.34963,-0.31751,0.0664,0.79692,-1.81142,2.23241,Underweight
HE,Utilities,1.00897,1.01846,1.15783,0.20618,0.22634,0.24301,0.07053,0.06468,0.10428,1.27436,5.04443,0.83237,Underweight
HF,Real Estate,0.98773,0.9578,1.14523,0.37427,0.37269,0.37391,0.18257,0.16072,0.15306,1.50043,1.44776,0.59146,Underweight
HI,Industrials,0.98457,0.94165,0.86975,0.36365,0.37649,0.37487,0.04327,0.07936,0.07332,1.14839,1.53262,0.60093,Buy
JCP,Consumer Cyclical,0.98131,0.97065,0.72387,0.3452,0.36239,0.3732,-0.02122,-0.00917,-0.00132,1.52369,5.59915,0.84847,Underweight
KB,Financial Services,1.00076,0.9921,0.92241,1.0,1.0,1.0,0.29626,0.34391,0.31049,0.27139,12.43212,0.92553,Buy
MAXR,Technology,1.01597,1.27842,0.29377,0.40215,0.30901,0.25802,-0.59038,0.03556,0.04365,0.75029,6.77605,0.87123,Underweight
MTL,Basic Materials,0.98814,0.97132,0.75217,0.43132,0.46389,0.46987,0.0404,0.03864,0.02582,0.15149,-2.25863,1.73418,Underweight
OBE,Energy,1.07843,1.05159,0.47259,0.52451,0.48095,0.46075,-0.74755,-0.2,-1.18771,0.4,0.41863,0.29509,Underweight
OGE,Utilities,1.00513,0.99593,1.09939,0.39783,0.40016,0.41652,0.18742,0.27376,0.1497,0.64102,1.68373,0.62738,Underweight
OGS,Utilities,1.00572,1.00294,1.0901,0.31057,0.34154,0.342,0.10542,0.10587,0.09816,0.77736,1.67722,0.62648,Underweight
OMI,Healthcare,1.04177,1.11544,0.3697,0.14169,0.12576,0.12211,-0.04442,0.00781,0.01119,1.72456,6.27942,0.86263,Underweight
PNM,Utilities,1.02092,1.04944,1.17833,0.56451,0.57335,0.56491,0.05961,0.05528,0.08573,0.59034,3.02149,0.74305,Underweight
POR,Utilities,1.01306,1.02793,,0.56655,0.55152,0.53042,0.10648,0.09308,0.10036,0.8129,2.23623,0.691,Underweight
RYB,Consumer Defensive,0.9782,0.95367,0.54263,0.1638,0.2097,0.15571,-0.01143,0.05053,0.05995,1.12237,1.18172,0.52776,Underweight
SBH,Consumer Cyclical,0.98953,0.93036,0.93994,0.49444,0.49892,0.49687,0.06562,0.05461,0.0564,2.35168,-8.80997,1.12804,Underweight
SSTK,Technology,0.99115,0.9222,0.89749,0.57052,0.58159,0.58907,0.08774,0.03002,0.06601,1.37356,0.85403,0.46063,Underweight
TGS,Utilities,1.00589,1.06747,0.87794,0.52989,0.41265,0.41195,0.33514,0.28823,0.12573,3.24127,1.00169,0.50042,Buy
UTI,Consumer Defensive,1.0048,0.9835,1.06921,0.53929,0.5518,0.54456,-0.10311,-0.02507,-0.13739,1.26317,2.69299,0.55135,Underweight
AMKR,Technology,0.97366,0.86308,0.93554,0.16462,0.18091,0.18073,0.02944,0.06265,0.04469,1.44266,1.44195,0.58716,Underweight
CACC,Financial Services,0.99367,1.00774,1.16917,0.97575,0.97362,0.96672,0.5353,0.54643,0.42596,32.19261,2.13295,0.68081,Underweight
CALM,Consumer Defensive,1.0081,1.03402,0.94997,0.24023,0.04239,0.33955,0.08379,-0.06913,0.16558,5.44817,0.2043,0.1693,Underweight
CTWS,Utilities,1.0021,1.01262,1.03893,0.55423,0.54481,0.53627,0.1431,0.23403,0.23703,0.48806,2.23615,0.69099,Underweight
DCOM,Financial Services,1.00243,1.00838,1.08131,1.0,1.0,1.0,0.3339,0.29865,0.3337,0.03027,9.49789,0.90474,Underweight
GLAD,Financial Services,0.99767,1.00692,1.08441,1.0,1.0,1.0,0.40912,0.4379,0.29063,3.76471,0.68503,0.40654,Underweight
NWBI,Financial Services,0.99805,1.01085,1.01808,1.0,1.0,1.0,0.25729,0.22411,0.13099,0.01256,6.63954,0.8691,Underweight
PMTS,Industrials,1.04269,1.00224,0.89129,0.35575,0.35264,0.36482,-0.14644,-0.09837,0.01749,2.04654,-2.38528,1.72188,Buy
QIWI,Financial Services,0.98429,0.95291,0.91008,0.50575,0.5328,0.51644,0.11709,0.14902,0.13837,1.26168,1.84501,0.64797,Buy
RIBT,Consumer Defensive,0.97222,0.92774,0.98699,0.20201,0.28386,0.24087,-0.54877,-0.33927,-0.65706,1.82379,0.298,0.22808,Buy
SCHN,Basic Materials,1.00009,0.97294,0.88128,0.1498,0.13219,0.12889,0.06616,0.02638,-0.01435,1.7605,0.65264,0.39347,Underweight
VIVO,Healthcare,0.99707,0.93764,0.73824,0.61086,0.61907,0.64877,0.11167,0.10737,0.16436,5.75241,0.43302,0.30217,Underweight
AMCX,Consumer Cyclical,1.00887,0.99775,0.90579,0.53046,0.53962,0.54501,0.15013,0.16799,0.09817,2.4622,14.63243,0.87785,Hold
SIVB,Financial Services,1.01783,0.93126,0.80813,1.0,1.0,1.0,0.38173,0.26017,0.25506,0.08395,10.09793,0.90752,Buy
